"version","layers","activations","learningRate","initWeightsMethod","initWeightsMin","initWeightsMax","initBiases","epochs","rmspropMomentum","miniBatchSize","accuracy","trainDuration"
"1","784-32-32-10","relu","0.5",,"-0.1","0.1","0.01","5000",,"32","0.9614","23.872"
"1","784-32-32-10","relu","0.5",,"-0.1","0.1","0.01","5000",,"32","0.9594","23.275"
"1","784-32-32-10","relu","0.5",,"-0.1","0.1","0.01","5000",,"32","0.9588","24.642"
"1","784-32-32-10","relu","0.75",,"-0.1","0.1","0.01","5000",,"32","0.9593","24.329"
"1","784-32-32-10","relu","0.25",,"-0.1","0.1","0.01","5000",,"32","0.9567","24.41"
"1","784-32-32-10","relu","0.5",,"-0.1","0.1","0.01","2500",,"32","0.9435","11.323"
"1","784-32-32-10","relu","0.25",,"-0.1","0.1","0.01","2500",,"32","0.9453","12.155"
"1","784-32-32-10","relu","0.75",,"-0.1","0.1","0.01","2500",,"32","0.7443","11.658"
"1","784-32-32-10","relu","0.5",,"-0.1","0.1","0.01","5000",,"32","0.8468","23.163"
"1","784-32-32-10","relu","0.5",,"-0.1","0.1","0.01","5000",,"32","0.8637","24.93"
"1","784-32-32-10","relu","0.5",,"-0.1","0.1","0.01","5000",,"32","0.8659","23.694"
"1","784-32-32-10","relu","0.5",,"-0.1","0.1","0.01","10000",,"32","0.9666","53.629"
"1","784-32-32-10","relu","0.5",,"-0.1","0.1","0.01","10000",,"32","0.9628","48.314"
"1","784-32-32-10","relu","0.8",,"-0.1","0.1","0.01","10000",,"32","0.8646","48.625"
"1","784-32-32-10","relu","0.25",,"-0.1","0.1","0.01","10000",,"32","0.7472","50.263"
"1","784-32-32-10","relu","0.55",,"-0.1","0.1","0.01","10000",,"32","0.8747","50.437"
"1","784-32-32-10","relu","0.45",,"-0.1","0.1","0.01","10000",,"32","0.9623","49.981"
"1","784-32-32-10","relu","0.475",,"-0.1","0.1","0.01","10000",,"32","0.9641","55.095"
"1","784-32-32-10","relu","0.5",,"-0.5","0.5","0.01","10000",,"32","0.098","48.739"
"1","784-32-32-10","relu","0.5",,"-0.05","0.05","0.01","10000",,"32","0.8704","47.974"
"1","784-500-150-10","relu","0.5",,"-0.1","0.1","0.01","1000",,"32","0.098","120.916"
"1","784-500-150-10","relu","0.5",,"-0.01","0.01","0.01","100",,"32","0.6266","15.566"
"1","784-500-150-10","relu","0.5",,"-0.01","0.01","0.01","1000",,"32","0.9429","110.159"
"2","784-32-32-10","relu","0.5",,"-0.1","0.1","0.01","5000",,"32","0.8722","23.291"
"2","784-32-32-10","relu","0.5",,"-0.1","0.1","0.0","5000",,"32","0.9612","23.388"
"2","784-32-32-10","relu","0.5",,"-0.1","0.1","0.0","15000",,"32","0.8715","71.016"
"2","784-32-32-10","relu","0.5",,"-0.1","0.1","0.01","5000",,"32","0.9588","25.076"
"2","784-32-32-10","relu","0.5",,"-0.1","0.1","0.0","5000",,"32","0.9586","25.352"
"2","784-32-32-10","relu","0.5",,"-0.1","0.1","0.01","5000",,"32","0.8593","24.404"
"2","784-32-32-10","relu","0.5",,"-0.1","0.1","0.01","5000",,"32","0.9579","25.143"
"2","784-32-32-10","relu","0.5",,"-0.1","0.1","0.0","5000",,"32","0.9415","24.349"
"2","784-32-32-10","relu","0.5",,"-0.1","0.1","0.0","5000",,"32","0.9577","24.659"
"2","784-32-32-10","relu","0.25",,"-0.1","0.1","0.0","5000",,"32","0.9545","26.005"
"2","784-32-32-10","relu","0.75",,"-0.1","0.1","0.0","5000",,"32","0.5793","25.627"
"2","784-32-32-10","relu","0.15",,"-0.1","0.1","0.0","5000",,"32","0.958","25.825"
"2","784-32-32-10","relu","0.05",,"-0.1","0.1","0.0","5000",,"32","0.9448","27.455"
"2","784-32-32-10","relu","0.05",,"-0.1","0.1","0.0","15000",,"32","0.9602","123.523"
"3","784-32-32-10","relu","0.5",,"-0.1","0.1","0.01","5000",,"32","0.2886","25.295"
"3","784-32-32-10","relu","0.1",,"-0.1","0.1","0.01","5000",,"32","0.8639","26.886"
"3","784-32-32-10","relu","0.1",,"-0.1","0.1","0.0","5000",,"32","0.693","23.383"
"3","784-32-32-10","relu","0.5",,"-0.1","0.1","0.0","5000",,"32","0.098","24.196"
"3","784-32-32-10","relu","0.05",,"-0.1","0.1","0.0","5000",,"32","0.8525","23.435"
"3","784-32-32-10","relu","0.01",,"-0.1","0.1","0.0","5000",,"32","0.9142","23.325"
"3","784-32-32-10","relu","0.001",,"-0.1","0.1","0.0","5000",,"32","0.6677","23.193"
"3","784-32-32-10","relu","0.005",,"-0.1","0.1","0.0","5000",,"32","0.5669","25.584"
"3","784-32-32-10","relu","0.009",,"-0.1","0.1","0.0","5000",,"32","0.9101","23.15"
"3","784-32-32-10","relu","0.02",,"-0.1","0.1","0.0","5000",,"32","0.6634","23.729"
"3","784-32-32-10","relu","0.015",,"-0.1","0.1","0.0","5000",,"32","0.8439","23.967"
"3","784-32-32-10","relu","0.0075",,"-0.1","0.1","0.0","5000",,"32","0.5415","23.653"
"3","784-32-32-10","relu","0.0095",,"-0.1","0.1","0.0","5000",,"32","0.7495","26.354"
"3","784-32-32-10","relu","0.01",,"-0.1","0.1","0.0","5000",,"32","0.9058","24.533"
"3","784-32-32-10","relu","0.01",,"-0.1","0.1","0.0","15000",,"32","0.8509","71.578"
"3","784-32-32-10","relu","0.01",,"-0.1","0.1","0.0","1000",,"32","0.7556","4.587"
"3","784-32-32-10","relu","0.02",,"-0.1","0.1","0.0","1000",,"32","0.8098","4.545"
"3","784-32-32-10","relu","0.04",,"-0.1","0.1","0.0","1000",,"32","0.8232","4.805"
"3","784-32-32-10","relu","0.08",,"-0.1","0.1","0.0","1000",,"32","0.5651","4.631"
"3","784-32-32-10","relu","0.03",,"-0.1","0.1","0.0","1000",,"32","0.8347","4.486"
"3","784-32-32-10","relu","0.05",,"-0.1","0.1","0.0","1000",,"32","0.9016","4.579"
"3","784-32-32-10","relu","0.055",,"-0.1","0.1","0.0","1000",,"32","0.8303","4.438"
"3","784-32-32-10","relu","0.0525",,"-0.1","0.1","0.0","1000",,"32","0.7979","4.593"
"3","784-32-32-10","relu","0.0525",,"-0.1","0.1","0.0","1000",,"64","0.6352","8.828"
"3","784-32-32-10","relu","0.05",,"-0.1","0.1","0.0","1000",,"64","0.8333","8.937"
"3","784-32-32-10","relu","0.05",,"-0.1","0.1","0.0","1000",,"32","0.8276","4.548"
"3","784-32-32-10","relu","0.05",,"-0.1","0.1","0.0","1000",,"32","0.7228","4.923"
"3","784-32-32-10","relu","0.05",,"-0.1","0.1","0.0","1000",,"32","0.7071","4.923"
"4","784-32-32-10","relu","0.5",,"-0.1","0.1","0.01","5000",,"32","0.098","24.817"
"4","784-32-32-10","relu","0.05",,"-0.1","0.1","0.01","5000",,"32","0.098","23.451"
"4","784-32-32-10","relu","0.005",,"-0.1","0.1","0.01","5000",,"32","0.3033","23.989"
"4","784-32-32-10","relu","5.0E-4",,"-0.1","0.1","0.01","5000",,"32","0.1793","23.153"
"4","784-32-32-10","relu","0.001",,"-0.1","0.1","0.01","5000",,"32","0.3319","25.769"
"4","784-32-32-10","relu","0.01",,"-0.1","0.1","0.01","5000",,"32","0.9163","23.463"
"4","784-32-32-10","relu","0.015",,"-0.1","0.1","0.01","5000",,"32","0.5664","22.679"
"4","784-32-32-10","relu","0.005",,"-0.1","0.1","0.01","5000",,"32","0.7291","21.994"
"4","784-32-32-10","relu","0.015",,"-0.1","0.1","0.01","5000",,"32","0.6498","22.066"
"4","784-32-32-10","relu","0.0125",,"-0.1","0.1","0.01","5000",,"32","0.7312","22.028"
"4","784-32-32-10","relu","0.01125",,"-0.1","0.1","0.01","5000",,"32","0.8368","22.038"
"4","784-32-32-10","relu","0.0105",,"-0.1","0.1","0.01","5000",,"32","0.6657","22.188"
"4","784-32-32-10","relu","0.01",,"-0.1","0.1","0.01","5000",,"32","0.7182","22.834"
"4","784-32-32-10","relu","0.01",,"-0.1","0.1","0.01","5000",,"32","0.7523","22.592"
"4","784-32-32-10","relu","0.015",,"-0.1","0.1","0.01","5000",,"32","0.9257","24.161"
"4","784-32-32-10","relu","0.02",,"-0.1","0.1","0.01","5000",,"32","0.9303","23.949"
"4","784-32-32-10","relu","0.05",,"-0.1","0.1","0.01","5000",,"32","0.7615","25.134"
"4","784-32-32-10","relu","0.01",,"-0.1","0.1","0.0","5000",,"32","0.9124","27.234"
"4","784-32-32-10","relu","0.025",,"-0.1","0.1","0.0","5000",,"32","0.6538","24.789"
"4","784-32-32-10","relu","0.015",,"-0.1","0.1","0.0","5000",,"32","0.8299","24.796"
"4","784-32-32-10","relu","0.005",,"-0.1","0.1","0.0","5000",,"32","0.8926","24.51"
"4","784-32-32-10","relu","0.0075",,"-0.1","0.1","0.0","5000",,"32","0.6388","24.179"
"4","784-32-32-10","relu","0.0075",,"-0.1","0.1","0.0","5000",,"32","0.7091","23.229"
"4","784-32-32-10","relu","0.009",,"-0.1","0.1","0.0","5000",,"32","0.7427","25.165"
"4","784-32-32-10","relu","0.01",,"-0.1","0.1","0.0","5000",,"32","0.5187","25.284"
"4","784-32-32-10","relu","0.01",,"-0.1","0.1","0.01","5000",,"32","0.7593","24.651"
"4","784-32-32-10","relu","0.01",,"-0.1","0.1","0.01","5000",,"32","0.7259","23.663"
"4","784-32-32-10","relu","0.01",,"-0.1","0.1","0.01","5000",,"32","0.6509","22.042"
"4","784-32-32-10","relu","0.01",,"-0.1","0.1","0.01","5000",,"32","0.8893","21.852"
"4","784-32-32-10","relu","0.01",,"-0.1","0.1","0.01","50000",,"32","0.5847","269.321"
"4","784-32-32-10","relu","0.5",,"-0.1","0.1","0.01","5000",,"32","0.098","26.577"
"4","784-32-32-10","relu","0.5",,"-0.1","0.1","0.01","5000",,"32","0.098","25.111"
"4","784-32-32-10","relu","0.5",,"-0.1","0.1","0.01","5000",,"32","0.098","25.154"
"4","784-32-32-10","relu","0.05",,"-0.1","0.1","0.01","5000",,"32","0.9457","25.533"
"4","784-32-32-10","relu","0.1",,"-0.1","0.1","0.01","5000",,"32","0.869","24.068"
"4","784-32-32-10","relu","0.02",,"-0.1","0.1","0.01","5000",,"32","0.6714","24.828"
"4","784-32-32-10","relu","0.05",,"-0.1","0.1","0.01","5000",,"32","0.9402","24.859"
"4","784-32-32-10","relu","0.06",,"-0.1","0.1","0.01","5000",,"32","0.7681","24.423"
"4","784-32-32-10","relu","0.04",,"-0.1","0.1","0.01","5000",,"32","0.9376","26.367"
"4","784-32-32-10","relu","0.045",,"-0.1","0.1","0.01","5000",,"32","0.9412","24.361"
"4","784-32-32-10","relu","0.01",,"-0.1","0.1","0.01","50000",,"16","0.8602","125.309"
"4","784-32-32-10","relu","0.05",,"-0.1","0.1","0.01","50000",,"16","0.8717","128.827"
"4","784-32-32-10","relu","0.05",,"-0.1","0.1","0.01","5000",,"16","0.7196","12.024"
"4","784-32-32-10","relu","0.5",,"-0.1","0.1","0.01","5000",,"16","0.098","12.89"
"4","784-32-32-10","relu","0.1",,"-0.1","0.1","0.01","5000",,"16","0.9445","11.762"
"4","784-32-32-10","relu","2.9",,"-0.1","0.1","0.01","50000",,"1","0.098","65.549"
"4","784-32-32-10","relu","0.5",,"-0.1","0.1","0.01","5000",,"32","0.098","24.531"
"4","784-32-32-10","relu","0.5",,"-0.1","0.1","0.01","5000",,"32","0.9537","24.722"
"4","784-32-32-10","relu","0.5",,"-0.1","0.1","0.01","5000",,"32","0.9566","24.693"
"4","784-32-32-10","relu","0.54",,"-0.1","0.1","0.01","5000",,"32","0.852","108.759"
"4","784-32-32-10","relu","0.54",,"-0.1","0.1","0.01","5000",,"32","0.9592","24.794"
"4","784-32-32-10","relu","0.54",,"-0.1","0.1","0.01","5000",,"16","0.7813","11.768"
"4","784-32-32-10","relu","0.75",,"-0.1","0.1","0.01","5000",,"16","0.5707","12.584"
"4","784-32-32-10","relu","0.6",,"-0.1","0.1","0.01","5000",,"16","0.7546","12.039"
"4","784-32-32-10","relu","0.54",,"-0.1","0.1","0.01","5000",,"32","0.8664","24.356"
"4","784-32-32-10","relu","0.54",,"-0.1","0.1","0.01","5000",,"32","0.8613","24.06"
"4","784-32-32-10","relu","0.5",,"-0.1","0.1","0.01","5000",,"32","0.8608","23.174"
"4","784-32-32-10","relu","0.5",,"-0.1","0.1","0.01","5000",,"32","0.8663","25.349"
"4","784-32-32-10","relu","0.5",,"-0.1","0.1","0.01","5000",,"32","0.9575","26.044"
"4","784-32-32-10","relu","0.51",,"-0.1","0.1","0.01","5000",,"32","0.956","23.577"
"4","784-32-32-10","relu","0.52",,"-0.1","0.1","0.01","5000",,"32","0.8492","23.857"
"4","784-32-32-10","relu","0.51",,"-0.1","0.1","0.01","15000",,"32","0.9645","70.336"
"4","784-32-32-10","relu","0.5",,"-0.1","0.1","0.01","5000",,"32","0.9572","26.002"
"4","784-32-32-10","relu","0.5",,"-0.1","0.1","0.01","5000",,"32","0.8505","24.103"
"4","784-32-32-10","relu","0.5",,"-0.1","0.1","0.01","5000",,"32","0.9555","25.082"
"4","784-32-32-10","relu","0.15",,"-0.1","0.1","0.01","5000",,"32","0.8639","58.723"
"4","784-32-32-10","relu","0.1",,"-0.1","0.1","0.0","500",,"32","0.9282","15.962"
"4","784-32-32-10","relu","0.1",,"-0.1","0.1","0.0","500",,"32","0.7301","2.599"
"4","784-32-32-10","relu","0.1",,"-0.1","0.1","0.0","1000",,"32","0.8479","4.768"
"4","784-32-32-10","relu","0.2",,"-0.1","0.1","0.0","1000",,"32","0.9278","5.005"
"4","784-32-32-10","relu","0.2",,"-0.1","0.1","0.0","2500",,"32","0.8658","13.307"
"4","784-32-32-10","relu","0.2",,"-0.1","0.1","0.0","2500",,"32","0.9479","13.289"
"4","784-32-32-10","relu","0.2",,"-0.1","0.1","0.0","2500",,"32","0.8714","12.492"
"4","784-32-32-10","relu","0.025",,"-0.1","0.1","0.0","2500",,"32","0.9692","78.992"
"4","784-32-32-10","relu","0.5","uniform","-0.1","0.1","0.01","5000",,"32","0.957","23.338"
"5","784-32-32-10","relu","0.5","uniform","-0.1","0.1","0.01","5000",,"32","0.0","0.0"
"5","784-32-32-10","relu","0.5","uniform","-0.1","0.1","0.01","5000",,"32","0.0","0.0"
"5","784-32-32-10","relu","0.5","uniform","-0.1","0.1","0.01","5000",,"32","0.9587","24.152"
"5","784-32-32-10","relu","0.5","uniform","-0.1","0.1","0.01","5000",,"32","0.9541","26.106"
"5","784-32-32-10","relu","0.0125","uniform","-0.1","0.1","0.01","5000",,"32","0.972","96.588"
"5","784-32-32-10","relu","0.5-0.1-0.01-0.001","uniform","-0.1","0.1","0.01","500-1000-2000-3000",,"32","0.9446","33.459"
"5","784-32-32-10","relu","0.5","uniform","-0.1","0.1","0.01","500",,"32","0.9146","2.434"
"5","784-32-32-10","relu","0.5","uniform","-0.1","0.1","0.01","1000",,"32","0.9327","4.874"
"5","784-32-32-10","relu","0.5","uniform","-0.1","0.1","0.01","2500",,"32","0.9502","12.652"
"5","784-32-32-10","relu","0.5","uniform","-0.1","0.1","0.01","1500",,"32","0.9345","7.791"
"5","784-32-32-10","relu","0.5","uniform","-0.1","0.1","0.01","2500",,"32","0.9505","12.289"
"5","784-32-32-10","relu","0.5-0.1","uniform","-0.1","0.1","0.01","2500-2500",,"32","0.8701","25.228"
"5","784-32-32-10","relu","0.5-0.05","uniform","-0.1","0.1","0.01","2500-2500",,"32","0.9613","24.439"
"5","784-32-32-10","relu","0.5-0.05-0.005","uniform","-0.1","0.1","0.01","2000-2500-2500",,"32","0.961","35.999"
"5","784-32-32-10","relu","0.5-0.05-0.005","uniform","-0.1","0.1","0.01","2000-2000-2000",,"32","0.9588","29.368"
"5","784-32-32-10","relu","0.1-0.01-0.001","he","0.0","0.0","0.01","2000-2000-2000",,"32","0.7601","34.821"
"5","784-32-32-10","relu","0.05-0.01-0.001","he","0.0","0.0","0.01","2000-2000-2000",,"32","0.8449","29.184"
"5","784-32-32-10","relu","0.5-0.05-0.005","uniform","-0.1","0.1","0.01","2000-2000-2000",,"32","0.8492","28.373"
"5","784-32-32-10","relu","0.5-0.05-0.005","uniform","-0.1","0.1","0.01","2500-2500-2500",,"32","0.9596","37.142"
"5","784-32-32-10","relu","0.5-0.05-0.01","uniform","-0.1","0.1","0.01","2500-2500-2500",,"32","0.8729","36.578"
"5","784-64-32-10","relu","0.5-0.05-0.01","xavier","0.0","0.0","0.01","2500-2500-2500",,"32","0.9716","79.359"
"6","784-32-32-10","relu","0.5-0.05-0.01","uniform","-0.1","0.1","0.01","2000-2000-2000",,"32","0.9576","29.984"
"6","784-32-32-10","relu","0.5-0.05-0.01","uniform","-0.1","0.1","0.0","2000-2000-2000",,"32","0.8679","29.883"
"6","784-32-32-10","relu","0.1-0.01-0.002","he","0.0","0.0","0.0","2000-2000-2000",,"32","0.6717","34.546"
"6","784-32-32-10","relu","0.1-0.01-0.002","xavier","0.0","0.0","0.0","2000-2000-2000",,"32","0.9458","29.236"
"6","784-32-32-10","relu","0.5-0.1-0.01-0.002","uniform","-0.1","0.1","0.01","500-2000-2000-2000",,"32","0.8725","36.738"
"6","784-32-32-10","relu","0.5-0.05-0.01","uniform","-0.1","0.1","0.01","2000-2000-2000",,"32","0.9554","29.953"
"7","784-32-32-10","relu","0.5-0.05-0.01","uniform","-0.1","0.1","0.01","2000-2000-2000",,"32","0.9605","40.878"
"7","784-32-32-10","relu","0.5-0.05-0.01","uniform","-0.1","0.1","0.01","2000-2000-2000",,"16","0.8633","20.076"
"7","784-64-32-10","relu","0.5-0.05-0.01","xavier","0.0","0.0","0.01","2000-2000-2000",,"32","0.968","81.327"
"7","784-64-32-10","sigmoid","0.5-0.05-0.01","xavier","0.0","0.0","0.0","2000-2000-2000",,"32","0.7646","79.035"
"7","784-100-100-10","relu","0.5-0.05-0.01","xavier","0.0","0.0","0.01","2000-2000-2000",,"32","0.7822","155.172"
"7","784-32-32-10","relu","0.5-0.05-0.01","xavier","0.0","0.0","0.01","2000-2000-2000",,"32","0.9586","44.842"
"7","784-32-32-10","relu","0.5-0.1-0.02","xavier","0.0","0.0","0.01","2000-2000-2000",,"32","0.8508","43.293"
"7","784-32-32-10","relu","0.5-0.5-0.5","xavier","0.0","0.0","0.0","500-500-500",,"32","0.9419","7.222"
"7","784-32-32-10","relu","0.5-0.5-0.5","xavier","0.0","0.0","0.0","250-250-250",,"32","0.7347","3.942"
"7","784-32-32-10","relu","0.5-0.5-0.5","xavier","0.0","0.0","0.0","250-250-250",,"32","0.929","3.595"
"7","784-32-32-10","relu","0.5-0.1-0.1","xavier","0.0","0.0","0.0","500-250-250-250-250",,"32","0.0","0.0"
"7","784-32-32-10","relu","0.5-0.1-0.1","xavier","0.0","0.0","0.0","500-250-250-250-250",,"32","0.0","0.0"
"7","784-32-32-10","relu","0.5-0.5-0.5-0.5-0.5","he","0.0","0.0","0.0","250-250-250-250-250",,"32","0.098","6.302"
"7","784-32-32-10","relu","0.25-0.25-0.25-0.25-0.25","he","0.0","0.0","0.0","250-250-250-250-250",,"32","0.098","5.741"
"7","784-32-32-10","relu","0.01-0.01-0.01-0.01-0.01","he","0.0","0.0","0.0","250-250-250-250-250",,"32","0.5501","6.102"
"7","784-32-32-10","relu","0.05-0.05-0.05-0.05-0.05","he","0.0","0.0","0.0","250-250-250-250-250",,"32","0.8159","5.826"
"7","784-32-32-10","relu","0.05-0.01-0.01-0.01-0.01","he","0.0","0.0","0.0","750-250-250-250-250",,"32","0.919","8.208"
"7","784-32-32-10","relu","0.05-0.01-0.01-0.01-0.01","he","0.0","0.0","0.0","750-250-250-250-250",,"32","0.8247","8.082"
"7","784-32-32-10","relu","0.05-0.01-0.005-0.005-0.005","he","0.0","0.0","0.0","750-250-250-250-250",,"32","0.7148","8.195"
"7","784-32-32-10","relu","0.05-0.01-0.005-0.005-0.005","he","0.0","0.0","0.0","750-250-250-250-250",,"32","0.6581","9.168"
"7","784-64-32-10","relu","0.5-0.05-0.01","xavier","0.0","0.0","0.01","2500-2500-2500",,"32","0.8714","84.193"
"7","784-64-32-10","relu","0.5-0.05-0.01","xavier","0.0","0.0","0.01","2500-2500-2500",,"32","0.8755","90.325"
"7","784-32-32-10","relu","0.0125","uniform","-0.1","0.1","0.01","5000",,"32","0.8219","22.734"
"7","784-32-32-10","relu","0.0125","uniform","-0.1","0.1","0.01","5000",,"32","0.8693","26.953"
"7","784-32-32-10","relu","0.0125-0.0125-0.0125-0.0125-0.0125","uniform","-0.1","0.1","0.01","100-100-100-100-100",,"32","0.4612","2.731"
"7","784-32-32-10","relu","0.1-0.1-0.1-0.1-0.1","uniform","-0.1","0.1","0.01","100-100-100-100-100",,"32","0.8108","2.246"
"7","784-32-32-10","relu","0.1-0.1-0.1-0.1-0.1","uniform","-0.1","0.1","0.01","100-100-100-100-100",,"32","0.7558","2.53"
"7","784-32-32-10","relu","0.5-0.5-0.5-0.5-0.5","uniform","-0.1","0.1","0.01","100-100-100-100-100",,"32","0.8297","2.393"
"7","784-32-32-10","relu","0.5-0.5-0.5-0.5-0.5-0.5-0.5-0.5","uniform","-0.1","0.1","0.01","100-100-100-100-100-100-100-100",,"32","0.9398","3.655"
"7","784-32-32-10","relu","0.5-0.5-0.5-0.5-0.5-0.5-0.5-0.5","uniform","-0.1","0.1","0.01","300-300-300-300-300-300-300",,"32","0.9332","9.427"
"7","784-32-32-10","relu","0.5","uniform","-0.1","0.1","0.01","600",,"32","0.9133","2.964"
"7","784-32-32-10","relu","0.5","uniform","-0.1","0.1","0.01","600",,"32","0.9283","2.874"
"7","784-32-32-10","relu","0.5","uniform","-0.1","0.1","0.01","600",,"32","0.9292","2.815"
"7","784-32-32-10","relu","0.5","uniform","-0.1","0.1","0.01","600",,"32","0.8811","2.732"
"7","784-32-32-10","relu","0.5-0.1","uniform","-0.1","0.1","0.01","600-600",,"32","0.8507","5.454"
"7","784-32-32-10","relu","0.5-0.1","uniform","-0.1","0.1","0.01","600-600",,"32","0.8507","5.396"
"7","784-32-32-10","relu","0.5-0.1","uniform","-0.1","0.1","0.01","600-600",,"32","0.5746","5.343"
"7","784-32-32-10","relu","0.5","uniform","-0.1","0.1","0.01","600",,"32","0.927","2.859"
"7","784-32-32-10","relu","0.5-0.1","uniform","-0.1","0.1","0.01","600-600",,"32","0.8487","7.085"
"7","784-32-32-10","relu","0.5-0.1","uniform","-0.1","0.1","0.01","600-600",,"32","0.8567","6.719"
"7","784-32-32-10","relu","0.5-0.1","uniform","-0.1","0.1","0.01","600-600",,"32","0.8582","7.025"
"7","784-32-32-10","relu","0.5","uniform","-0.1","0.1","0.01","600",,"32","0.8376","3.89"
"7","784-32-32-10","relu","0.5","uniform","-0.1","0.1","0.01","600",,"32","0.9191","3.01"
"7","784-32-32-10","relu","0.5","uniform","-0.1","0.1","0.01","600",,"32","0.9243","2.821"
"7","784-32-32-10","relu","0.5-0.25","uniform","-0.1","0.1","0.01","600-100",,"32","0.8442","3.277"
"7","784-32-32-10","relu","0.5-0.25","uniform","-0.1","0.1","0.01","600-100",,"32","0.8532","3.352"
"7","784-32-32-10","relu","0.5-0.05","uniform","-0.1","0.1","0.01","600-100",,"32","0.9333","3.265"
"7","784-32-32-10","relu","0.5-0.05","uniform","-0.1","0.1","0.01","600-100",,"32","0.9386","3.201"
"7","784-32-32-10","relu","0.5-0.05","uniform","-0.1","0.1","0.01","600-600",,"32","0.8341","5.449"
"7","784-32-32-10","relu","0.5-0.05","uniform","-0.1","0.1","0.01","600-600",,"32","0.8591","5.454"
"7","784-32-32-10","relu","0.5-0.05","uniform","-0.1","0.1","0.01","600-600",,"32","0.6636","5.308"
"7","784-32-32-10","relu","0.5-0.05","uniform","-0.1","0.1","0.01","600-600",,"32","0.9427","5.64"
"7","784-32-32-10","relu","0.1","uniform","-0.1","0.1","0.01","600",,"32","0.9096","2.813"
"7","784-32-32-10","relu","0.1","uniform","-0.1","0.1","0.01","600",,"32","0.8474","2.913"
"7","784-32-32-10","relu","0.1","uniform","-0.1","0.1","0.01","600",,"32","0.9036","3.324"
"7","784-32-32-10","relu","0.1","uniform","-0.1","0.1","0.01","600",,"32","0.9053","2.991"
"7","784-32-32-10","relu","0.1-0.1","uniform","-0.1","0.1","0.01","600-600",,"32","0.9244","5.439"
"7","784-32-32-10","relu","0.1-0.1","uniform","-0.1","0.1","0.01","600-600",,"32","0.9166","5.657"
"7","784-32-32-10","relu","0.1-0.1","uniform","-0.1","0.1","0.01","600-600",,"32","0.9261","6.135"
"7","784-32-32-10","relu","0.1-0.1-0.1","uniform","-0.1","0.1","0.01","600-600-600",,"32","0.827","8.006"
"7","784-32-32-10","relu","0.1-0.1-0.01","uniform","-0.1","0.1","0.01","600-600-600",,"32","0.9281","8.094"
"7","784-32-32-10","relu","0.5-0.05-0.01","uniform","-0.1","0.1","0.01","2000-2000-2000",,"32","0.8712","38.475"
"7","784-32-32-10","relu","0.5-0.05-0.01","uniform","-0.1","0.1","0.01","2000-2000-2000",,"32","0.868","46.911"
"7","784-32-32-10","relu","0.5-0.05-0.01","uniform","-0.1","0.1","0.01","2000-2000-2000",,"32","0.9575","31.737"
"7","784-32-32-10","relu","0.5-0.05-0.01","uniform","-0.1","0.1","0.01","2000-2000-2000",,"32","0.9625","27.666"
"8","784-32-32-10","relu","0.002-2.0E-4-2.0E-5","uniform","-0.1","0.1","0.01","2500-1500-1000","0.9","32","0.9637","41.907"
"8","784-32-32-10","relu","0.002-2.0E-4","uniform","-0.1","0.1","0.01","2500-1500","0.9","32","0.9623","31.766"
"8","784-32-32-10","relu","0.002-2.0E-4-0.002","uniform","-0.1","0.1","0.01","2500-1500-1000","0.9","32","0.9565","43.956"
"8","784-32-32-10","relu","0.002-4.0E-4","uniform","-0.1","0.1","0.01","2500-1500","0.9","32","0.9601","31.452"
"8","784-32-32-10","relu","0.002-4.0E-4","uniform","-0.1","0.1","0.01","2500-1500","0.99","32","0.9549","31.173"
"8","784-32-32-10","relu","0.002-8.0E-4","uniform","-0.1","0.1","0.01","2500-1500","0.8","16","0.8534","26.437"
"8","784-32-32-10","relu","0.002-2.0E-4","uniform","-0.1","0.1","0.01","2500-1500","0.9","42","0.9654","36.792"
"8","784-16-16-10","relu","0.004-2.0E-4","uniform","-0.1","0.1","0.01","2500-1500","0.9","32","0.8553","21.091"
"8","784-32-32-32-10","relu","0.004-2.0E-4","uniform","-0.1","0.1","0.01","2500-1500","0.9","32","0.9508","45.185"
"8","784-32-32-32-10","relu","0.004-2.0E-4","uniform","-0.1","0.1","0.01","2500-2500","0.9","32","0.9581","46.929"
"8","784-32-32-32-10","relu","0.002-4.0E-4","uniform","-0.1","0.1","0.01","2500-2500","0.9","32","0.8752","44.555"
"8","784-32-32-32-10","relu","2.0E-4-4.0E-4","uniform","-0.1","0.1","0.01","2500-2500","0.9","32","0.941","40.774"
"8","784-32-32-32-10","relu","2.0E-5","uniform","-0.1","0.1","0.01","5000","0.9","32","0.9648","189.506"
"8","784-32-32-10","relu","0.002-2.0E-4-2.0E-5","uniform","-0.1","0.1","0.01","2500-1500-1000","0.9","42","0.8831","32.105"
"8","784-32-32-10","relu","0.002-2.0E-4-2.0E-5","uniform","-0.1","0.1","0.01","2500-1500-1000","0.9","42","0.8808","35.785"
"8","784-32-32-10","relu","0.002-2.0E-4","uniform","-0.1","0.1","0.0","2500-2500","0.9","32","0.8759","26.855"
"8","784-32-32-10","relu","0.002-2.0E-4","uniform","-0.1","0.1","0.015","2500-2500","0.9","32","0.9608","26.753"
"8","784-32-32-10","relu","0.002","xavier","0.0","0.0","0.0","5000","0.9","32","0.8609","27.873"
"8","784-32-32-10","relu","0.002","xavier","0.0","0.0","0.0","15000","0.9","16","0.7776","43.964"
"8","784-32-32-10","sigmoid","5.0E-5","xavier","0.0","0.0","0.0","15000","0.9","36","0.9587","229.156"